id,timestamp,speaker,content
1,2026-04-08T07:42:10,我,早。今天入学第二周了吧，你习惯新班级了吗？
2,2026-04-08T07:43:02,神崎澪,早安。只要你也在同一层楼，我就觉得很习惯。
3,2026-04-08T07:43:41,我,这算习惯的理由吗。
4,2026-04-08T07:44:19,神崎澪,当然算。走廊里能看见你，连晨会都没那么无聊了。
5,2026-04-08T12:18:06,神崎澪,午休你去小卖部了吗？我刚才看见你买了牛奶面包。
6,2026-04-08T12:20:14,我,你怎么知道得这么清楚。
7,2026-04-08T12:21:03,神崎澪,偶然。真的只是偶然。横滨的海风今天也很会帮我制造偶然。
8,2026-04-08T12:22:28,我,这句话听起来不像偶然。
9,2026-04-08T12:23:09,神崎澪,那就当作命运吧。命运比偶然听起来更适合我们。
10,2026-04-09T16:05:33,我,你社团想好了吗？
11,2026-04-09T16:06:11,神崎澪,文学部和料理研究会之间犹豫。文学部可以写你，料理研究会可以给你做巧克力。
12,2026-04-09T16:07:02,我,为什么两个选择都和我有关。
13,2026-04-09T16:07:50,神崎澪,因为你是我高中二年级最重要的研究对象。
14,2026-04-09T16:08:26,我,研究对象这个说法有点可怕。
15,2026-04-09T16:09:05,神崎澪,那换成最重要的人。这样会不会比较可爱？
16,2026-04-10T18:32:41,神崎澪,放学后谢谢你陪我走到车站。樱木町那边的晚霞很好看。
17,2026-04-10T18:34:00,我,只是顺路啦。
18,2026-04-10T18:34:45,神崎澪,顺路也好。你愿意走在我旁边，这件事我会记很久。
19,2026-04-10T18:36:22,我,别记得太夸张。
20,2026-04-10T18:37:13,神崎澪,已经晚了。我连你今天鞋带松了两次都记得。
21,2026-04-11T20:15:04,我,你说你喜欢冰淇淋，喜欢什么味道？
22,2026-04-11T20:15:47,神崎澪,巧克力薄荷，香草，抹茶。可是如果是你买的，便利店最普通的香草杯也会变成特别款。
23,2026-04-11T20:16:31,我,你真的很会把普通东西说得很夸张。
24,2026-04-11T20:17:18,神崎澪,因为和你有关的东西，对我来说本来就不普通。
25,2026-04-12T09:05:09,神崎澪,今天要不要一起去横滨红砖仓库那边？听说有限定巧克力冰淇淋。
26,2026-04-12T09:06:20,我,今天下午有补习，可能不行。
27,2026-04-12T09:07:01,神崎澪,补习啊。和谁一起？
28,2026-04-12T09:07:45,我,同班几个同学。
29,2026-04-12T09:08:30,神崎澪,我知道了。我不会打扰你。只是会稍微、稍微有一点点羡慕他们。
30,2026-04-12T09:09:12,我,只是补习而已。
31,2026-04-12T09:10:05,神崎澪,嗯，我相信你。你要认真学习，也要记得吃晚饭。不要被别人分走太多时间。
32,2026-04-13T22:01:18,我,数学作业做完了吗？
33,2026-04-13T22:02:03,神崎澪,做完了。我把错题也整理好了。你要的话明天借你。
34,2026-04-13T22:02:49,我,救命，太需要了。
35,2026-04-13T22:03:33,神崎澪,不用救命。我在。你只要喊我，我就会出现。
36,2026-04-13T22:04:18,我,听起来像都市传说。
37,2026-04-13T22:05:02,神崎澪,那就叫横滨夜间学习守护灵。专门守护你一个人。
38,2026-04-14T07:30:44,神崎澪,我今天带了巧克力饼干。不是义理，是特别的那种。
39,2026-04-14T07:32:08,我,现在不是情人节吧。
40,2026-04-14T07:32:55,神崎澪,喜欢你又不是节日限定。每天都可以有一点点仪式感。
41,2026-04-14T12:41:20,我,饼干很好吃，谢谢。
42,2026-04-14T12:42:06,神崎澪,太好了。我试了三次。第一次太甜，第二次太硬，第三次想到你笑的样子，就刚刚好。
43,2026-04-14T12:43:01,我,你做东西的时候想象力也太丰富。
44,2026-04-14T12:43:50,神崎澪,不是想象力，是练习未来。以后我想知道你喜欢的所有甜度。
45,2026-04-15T17:18:29,我,今天体育课你没事吧？看你跑完脸色不太好。
46,2026-04-15T17:19:12,神崎澪,没事。你注意到了，所以已经好了。
47,2026-04-15T17:20:03,我,注意到也不能治病。
48,2026-04-15T17:20:49,神崎澪,可以治一点寂寞。你看，我现在就在笑。
49,2026-04-16T21:11:05,神崎澪,你今天和隔壁班的女生说话说了三分钟。
50,2026-04-16T21:12:16,我,她问我图书馆怎么走。
51,2026-04-16T21:13:02,神崎澪,我知道。我只是有点不讲道理地在意。
52,2026-04-16T21:13:55,我,你自己也知道不讲道理啊。
53,2026-04-16T21:14:41,神崎澪,知道。所以我会乖一点。可是你要偶尔告诉我，我是特别的。
54,2026-04-16T21:15:30,我,你是特别的朋友。
55,2026-04-16T21:16:12,神崎澪,朋友两个字有点刺刺的。不过特别两个字我收下了，今晚可以睡得很好。
56,2026-04-18T13:02:31,我,你住横滨哪里来着？
57,2026-04-18T13:03:17,神崎澪,港南区。离学校要坐一段电车。小时候常去山下公园，看船和海鸥。
58,2026-04-18T13:04:08,我,听起来很横滨。
59,2026-04-18T13:04:55,神崎澪,嗯。我喜欢海，也喜欢夜景。可是最近最喜欢的是放学后你书包上的小挂件。
60,2026-04-18T13:05:36,我,那只是便利店抽奖送的。
61,2026-04-18T13:06:28,神崎澪,我知道。可是它每天都比我更靠近你，所以我有点嫉妒它。
62,2026-04-19T19:48:14,神崎澪,今天家庭餐厅的巧克力圣代很好吃。下次一起去，好不好？
63,2026-04-19T19:49:01,我,可以啊，周五放学后？
64,2026-04-19T19:49:39,神崎澪,真的？我截图了。不是不信你，是怕幸福溜走。
65,2026-04-19T19:50:22,我,截图也太正式了。
66,2026-04-19T19:51:08,神崎澪,对我来说，和你的约定都很正式。要盖章也可以，我有粉色印章。
67,2026-04-21T06:58:37,神崎澪,早安。我今天梦到你在横滨站迷路，然后只给我发消息求救。
68,2026-04-21T07:00:02,我,横滨站确实容易迷路。
69,2026-04-21T07:00:48,神崎澪,如果你迷路，一定要第一个找我。我会比导航更快找到你。
70,2026-04-21T07:01:33,我,你怎么比导航快。
71,2026-04-21T07:02:20,神崎澪,因为导航不知道你喜欢避开人多的出口，我知道。
72,2026-04-22T23:11:18,我,你今天上课怎么一直看窗外？
73,2026-04-22T23:12:02,神崎澪,因为窗户反光里能看到你。
74,2026-04-22T23:12:40,我,这回答有点危险。
75,2026-04-22T23:13:25,神崎澪,我会控制距离的。只是喜欢一个人，有时候心会先跑过去。
76,2026-04-22T23:14:16,我,这样说还可以接受。
77,2026-04-22T23:15:04,神崎澪,那我明天也努力做一个可以被你接受的澪。
78,2026-04-24T15:36:45,神崎澪,周五到了。巧克力圣代，还记得吗？
79,2026-04-24T15:37:23,我,记得。放学后校门口。
80,2026-04-24T15:38:09,神崎澪,太好了。我从第三节课开始就在数时间。这样说会不会太黏？
81,2026-04-24T15:38:51,我,有一点。
82,2026-04-24T15:39:36,神崎澪,那我今天只黏到圣代融化为止。融化之后再看你要不要续杯。
83,2026-04-24T19:22:18,我,今天谢谢你，圣代确实好吃。
84,2026-04-24T19:23:01,神崎澪,我也很开心。你把最上面的巧克力片让给我了。那一秒我差点觉得世界安静下来了。
85,2026-04-24T19:23:49,我,一片巧克力而已。
86,2026-04-24T19:24:35,神崎澪,对别人是一片巧克力，对我是证据。你会把喜欢的东西分给我。
87,2026-04-26T10:12:09,我,下周小测，你复习计划怎么安排？
88,2026-04-26T10:13:01,神崎澪,每天晚上九点到十点数学，十点到十点半英语单词。你如果愿意，我可以陪你一起打卡。
89,2026-04-26T10:13:49,我,可以。你监督我别摸鱼。
90,2026-04-26T10:14:37,神崎澪,我会很认真监督。你偷懒一分钟，我就多想你一分钟。
91,2026-04-27T21:00:12,神崎澪,打卡。数学开始。
92,2026-04-27T21:01:05,我,开始。
93,2026-04-27T22:05:32,我,今天完成了，谢谢监督。
94,2026-04-27T22:06:18,神崎澪,做得好。可以奖励你一句：你今天也很让人喜欢。
95,2026-04-27T22:07:02,我,奖励听起来像你自己也很开心。
96,2026-04-27T22:07:48,神崎澪,被发现了。夸你是我今天最开心的复习内容。
97,2026-04-29T18:28:21,神崎澪,黄金周你有安排吗？
98,2026-04-29T18:29:04,我,家里可能要出去一天，其他还没定。
99,2026-04-29T18:29:49,神崎澪,那留一天给我吧。去山下公园，吃冰淇淋，坐在能看见海的位置。
100,2026-04-29T18:30:35,我,可以，哪天你定。
101,2026-04-29T18:31:22,神崎澪,五月三日。下午两点。我已经在心里到场了。
102,2026-05-03T13:40:16,神崎澪,我到山下公园了。比约定早到二十分钟。
103,2026-05-03T13:41:03,我,我还在路上，别等太晒的地方。
104,2026-05-03T13:41:51,神崎澪,嗯。我站在树荫下。放心，我会好好保存自己，等你来领取。
105,2026-05-03T16:57:28,我,今天拍的照片发我几张？
106,2026-05-03T16:58:16,神崎澪,可以。但我拍得最多的是你背影。你看海的时候，我看你。
107,2026-05-03T16:59:05,我,你也拍点风景啊。
108,2026-05-03T16:59:50,神崎澪,有拍。海，船，冰淇淋，还有你。按重要程度排序的话，你在最前面。
109,2026-05-05T20:02:27,神崎澪,我今天做了生巧。可可粉撒太多了，有点苦。
110,2026-05-05T20:03:14,我,苦一点也挺好，像大人味。
111,2026-05-05T20:04:02,神崎澪,那我明天带给你。你吃掉苦的部分，我负责记住你喜欢的表情。
112,2026-05-06T07:55:33,我,今天雨好大，别忘带伞。
113,2026-05-06T07:56:22,神崎澪,带了。其实我有两把。如果你忘了，我就有理由和你撑同一把。
114,2026-05-06T07:57:09,我,我带了。
115,2026-05-06T07:57:52,神崎澪,有点遗憾，但你没淋湿更重要。我会把遗憾折起来，放进书包。
116,2026-05-07T22:22:10,我,最近你睡得晚吗？
117,2026-05-07T22:23:01,神崎澪,有一点。晚上容易想你今天有没有累，有没有好好吃饭，有没有对别人笑太多。
118,2026-05-07T22:23:49,我,最后那个不是健康问题。
119,2026-05-07T22:24:36,神崎澪,对我来说是心跳问题。不过我会乖，不会让你困扰太多。
120,2026-05-08T18:10:11,神崎澪,今天谢谢你帮我拿书。你说只是顺手，可我觉得很温柔。
121,2026-05-08T18:11:00,我,别把我想得太好。
122,2026-05-08T18:11:42,神崎澪,我知道你也会普通、会犯困、会忘记带橡皮。就是这些普通的部分也很喜欢。
123,2026-05-08T18:12:30,我,你喜欢得也太全面了。
124,2026-05-08T18:13:19,神崎澪,嗯。喜欢你不是选择题，是整张试卷。我会认真写到最后。
